CLASSE_VEHICULE,CATEGORIE_VEHICULE,CARBURANT,CRITAIR,PARC_2014,PARC_2015,PARC_2016,PARC_2017,PARC_2018,PARC_2019,PARC_2020,PARC_2021,PARC_2022,COMMUNE_CODE,COMMUNE_LIBELLE
vp,Véhicule particulier,Diesel,Crit'Air 2,2400,2770,2792,2957,2956,2901,2579,2351,1938,75101,Paris 1er Arrondissement
vp,Véhicule particulier,Diesel,Crit'Air 3,1000,815,703,645,559,491,413,370,318,75101,Paris 1er Arrondissement
vp,Véhicule particulier,Diesel,Crit'Air 4,419,383,355,312,292,256,205,172,148,75101,Paris 1er Arrondissement
vp,Véhicule particulier,Diesel,Crit'Air 5,104,104,88,75,58,42,40,35,29,75101,Paris 1er Arrondissement
vp,Véhicule particulier,Diesel,Non classé,97,77,69,59,49,37,32,28,26,75101,Paris 1er Arrondissement
vp,Véhicule particulier,Diesel HNR,Crit'Air 2,22,29,49,43,38,38,44,53,78,75101,Paris 1er Arrondissement
vp,Véhicule particulier,Hybride rechargeable,Crit'Air 1,30,27,35,55,103,154,209,347,595,75101,Paris 1er Arrondissement
vp,Véhicule particulier,Electrique et hydrogène,Crit'Air E,55,25,28,32,37,54,114,171,276,75101,Paris 1er Arrondissement
vp,Véhicule particulier,Essence,Crit'Air E,0,0,0,0,0,0,0,0,0,75101,Paris 1er Arrondissement
vp,Véhicule particulier,Essence,Crit'Air 1,724,856,1020,1184,1417,1657,1935,2070,2152,75101,Paris 1er Arrondissement
vp,Véhicule particulier,Essence,Crit'Air 2,736,705,664,604,537,474,440,428,384,75101,Paris 1er Arrondissement
vp,Véhicule particulier,Essence,Crit'Air 3,882,813,743,661,624,569,513,464,407,75101,Paris 1er Arrondissement
vp,Véhicule particulier,Essence,Non classé,616,563,511,463,403,347,283,245,232,75101,Paris 1er Arrondissement
vp,Véhicule particulier,Essence HNR,Crit'Air 1,28,56,86,111,148,195,266,358,470,75101,Paris 1er Arrondissement
vp,Véhicule particulier,Essence HNR,Crit'Air 2,14,13,14,13,12,11,9,8,5,75101,Paris 1er Arrondissement
vp,Véhicule particulier,Gaz et inconnu,Crit'Air 1,10,14,13,13,14,14,15,15,16,75101,Paris 1er Arrondissement
vp,Véhicule particulier,Gaz et inconnu,Crit'Air 3,1,0,0,0,0,0,0,0,0,75101,Paris 1er Arrondissement
vp,Véhicule particulier,Gaz et inconnu,Non classé,1,1,1,1,0,1,1,1,0,75101,Paris 1er Arrondissement
vp,Véhicule particulier,Diesel,Crit'Air 2,3058,3304,4313,4687,4090,3323,2947,2587,2158,75102,Paris 2e Arrondissement
vp,Véhicule particulier,Diesel,Crit'Air 3,1254,936,732,578,503,438,407,364,312,75102,Paris 2e Arrondissement
vp,Véhicule particulier,Diesel,Crit'Air 4,373,363,337,305,278,236,192,159,130,75102,Paris 2e Arrondissement
vp,Véhicule particulier,Diesel,Crit'Air 5,107,103,96,84,75,65,54,42,35,75102,Paris 2e Arrondissement
vp,Véhicule particulier,Diesel,Non classé,138,107,96,73,52,42,27,26,22,75102,Paris 2e Arrondissement
vp,Véhicule particulier,Diesel HNR,Crit'Air 2,25,47,54,50,40,36,35,49,62,75102,Paris 2e Arrondissement
vp,Véhicule particulier,Hybride rechargeable,Crit'Air 1,42,38,49,79,109,165,218,405,738,75102,Paris 2e Arrondissement
vp,Véhicule particulier,Electrique et hydrogène,Crit'Air E,7,15,25,49,80,121,152,190,281,75102,Paris 2e Arrondissement
vp,Véhicule particulier,Essence,Crit'Air 1,625,740,861,1088,1356,1608,1857,2044,2125,75102,Paris 2e Arrondissement
vp,Véhicule particulier,Essence,Crit'Air 2,745,657,627,567,518,457,398,367,337,75102,Paris 2e Arrondissement
vp,Véhicule particulier,Essence,Crit'Air 3,768,720,659,592,548,493,433,384,345,75102,Paris 2e Arrondissement
vp,Véhicule particulier,Essence,Non classé,555,489,445,386,338,292,241,225,207,75102,Paris 2e Arrondissement
vp,Véhicule particulier,Essence HNR,Crit'Air 1,49,69,85,146,177,215,256,327,448,75102,Paris 2e Arrondissement
vp,Véhicule particulier,Essence HNR,Crit'Air 2,9,11,11,8,8,6,5,5,4,75102,Paris 2e Arrondissement
vp,Véhicule particulier,Gaz et inconnu,Crit'Air 1,13,11,9,9,8,11,11,13,17,75102,Paris 2e Arrondissement
vp,Véhicule particulier,Gaz et inconnu,Non classé,7,5,4,3,1,0,2,3,2,75102,Paris 2e Arrondissement
vp,Véhicule particulier,Diesel,Crit'Air 2,1196,1337,1435,1456,1459,1478,1440,1476,1402,75103,Paris 3e Arrondissement
vp,Véhicule particulier,Diesel,Crit'Air 3,1043,948,866,814,737,666,592,544,481,75103,Paris 3e Arrondissement
vp,Véhicule particulier,Diesel,Crit'Air 4,535,521,499,470,435,378,300,248,206,75103,Paris 3e Arrondissement
vp,Véhicule particulier,Diesel,Crit'Air 5,160,138,120,102,83,71,50,43,38,75103,Paris 3e Arrondissement
vp,Véhicule particulier,Diesel,Non classé,244,218,174,131,97,75,58,39,29,75103,Paris 3e Arrondissement
vp,Véhicule particulier,Diesel HNR,Crit'Air 2,8,17,23,24,25,18,17,24,24,75103,Paris 3e Arrondissement
vp,Véhicule particulier,Hybride rechargeable,Crit'Air 1,24,23,27,38,58,73,91,145,250,75103,Paris 3e Arrondissement
vp,Véhicule particulier,Electrique et hydrogène,Crit'Air E,3,5,9,17,30,47,68,110,171,75103,Paris 3e Arrondissement
vp,Véhicule particulier,Essence,Crit'Air 1,729,866,1018,1233,1425,1625,1773,2001,2082,75103,Paris 3e Arrondissement
vp,Véhicule particulier,Essence,Crit'Air 2,1037,992,954,884,823,770,729,694,634,75103,Paris 3e Arrondissement
vp,Véhicule particulier,Essence,Crit'Air 3,1462,1397,1303,1190,1073,927,825,720,656,75103,Paris 3e Arrondissement
vp,Véhicule particulier,Essence,Non classé,909,814,720,636,553,470,395,349,312,75103,Paris 3e Arrondissement
vp,Véhicule particulier,Essence HNR,Crit'Air 1,29,47,60,89,114,143,186,238,309,75103,Paris 3e Arrondissement
vp,Véhicule particulier,Essence HNR,Crit'Air 2,6,7,6,8,7,6,3,3,2,75103,Paris 3e Arrondissement
vp,Véhicule particulier,Gaz et inconnu,Crit'Air 1,27,27,23,27,29,19,11,17,19,75103,Paris 3e Arrondissement
vp,Véhicule particulier,Gaz et inconnu,Non classé,0,0,3,3,0,1,1,0,0,75103,Paris 3e Arrondissement
vp,Véhicule particulier,Diesel,Crit'Air 2,871,988,1046,1165,1196,1277,1318,1239,1109,75104,Paris 4e Arrondissement
vp,Véhicule particulier,Diesel,Crit'Air 3,1051,1010,970,879,800,746,678,613,524,75104,Paris 4e Arrondissement
vp,Véhicule particulier,Diesel,Crit'Air 4,559,547,508,482,436,383,335,260,203,75104,Paris 4e Arrondissement
vp,Véhicule particulier,Diesel,Crit'Air 5,164,153,141,128,96,80,65,44,35,75104,Paris 4e Arrondissement
vp,Véhicule particulier,Diesel,Non classé,224,193,171,145,107,77,49,42,35,75104,Paris 4e Arrondissement
vp,Véhicule particulier,Diesel HNR,Crit'Air 1,1,1,0,0,0,0,0,0,0,75104,Paris 4e Arrondissement
vp,Véhicule particulier,Diesel HNR,Crit'Air 2,7,11,13,15,10,10,14,12,19,75104,Paris 4e Arrondissement
vp,Véhicule particulier,Hybride rechargeable,Crit'Air 1,22,16,18,22,40,44,58,105,180,75104,Paris 4e Arrondissement
vp,Véhicule particulier,Electrique et hydrogène,Crit'Air E,2,6,14,25,51,68,100,134,181,75104,Paris 4e Arrondissement
vp,Véhicule particulier,Essence,Crit'Air 1,612,746,947,1153,1400,1634,1842,2023,2159,75104,Paris 4e Arrondissement
vp,Véhicule particulier,Essence,Crit'Air 2,1192,1118,1097,997,870,776,711,626,610,75104,Paris 4e Arrondissement
vp,Véhicule particulier,Essence,Crit'Air 3,1650,1586,1424,1328,1214,1079,977,858,774,75104,Paris 4e Arrondissement
vp,Véhicule particulier,Essence,Non classé,996,908,782,640,541,476,414,341,292,75104,Paris 4e Arrondissement
vp,Véhicule particulier,Essence HNR,Crit'Air 1,17,36,64,91,122,150,192,247,324,75104,Paris 4e Arrondissement
vp,Véhicule particulier,Essence HNR,Crit'Air 2,8,8,8,7,8,9,6,5,5,75104,Paris 4e Arrondissement
vp,Véhicule particulier,Gaz et inconnu,Crit'Air 1,90,94,50,43,44,39,35,32,32,75104,Paris 4e Arrondissement
vp,Véhicule particulier,Gaz et inconnu,Crit'Air 3,0,0,0,0,0,0,0,0,0,75104,Paris 4e Arrondissement
vp,Véhicule particulier,Gaz et inconnu,Non classé,17,14,12,11,11,7,2,2,3,75104,Paris 4e Arrondissement
vp,Véhicule particulier,Diesel,Crit'Air 2,1843,2119,2285,2401,2411,2372,2313,2178,2003,75105,Paris 5e Arrondissement
vp,Véhicule particulier,Diesel,Crit'Air 3,2093,1949,1837,1722,1551,1415,1291,1216,1069,75105,Paris 5e Arrondissement
vp,Véhicule particulier,Diesel,Crit'Air 4,1177,1119,997,911,811,697,561,479,400,75105,Paris 5e Arrondissement
vp,Véhicule particulier,Diesel,Crit'Air 5,348,317,293,272,222,195,152,127,111,75105,Paris 5e Arrondissement
vp,Véhicule particulier,Diesel,Non classé,379,321,270,222,170,116,83,71,56,75105,Paris 5e Arrondissement
vp,Véhicule particulier,Diesel HNR,Crit'Air 2,15,33,41,42,31,30,31,42,45,75105,Paris 5e Arrondissement
vp,Véhicule particulier,Hybride rechargeable,Crit'Air 1,63,57,62,67,86,99,116,184,311,75105,Paris 5e Arrondissement
vp,Véhicule particulier,Hybride rechargeable,Crit'Air 2,1,1,1,0,0,0,0,0,0,75105,Paris 5e Arrondissement
vp,Véhicule particulier,Electrique et hydrogène,Crit'Air E,1,9,34,44,62,75,113,158,249,75105,Paris 5e Arrondissement
vp,Véhicule particulier,Essence,Crit'Air 1,1273,1568,1961,2350,2837,3272,3713,4105,4280,75105,Paris 5e Arrondissement
vp,Véhicule particulier,Essence,Crit'Air 2,2166,2103,1992,1881,1795,1673,1549,1466,1357,75105,Paris 5e Arrondissement
vp,Véhicule particulier,Essence,Crit'Air 3,3147,2941,2704,2452,2234,2036,1811,1618,1409,75105,Paris 5e Arrondissement
vp,Véhicule particulier,Essence,Non classé,1917,1696,1481,1227,1025,858,711,618,564,75105,Paris 5e Arrondissement
vp,Véhicule particulier,Essence HNR,Crit'Air 1,81,147,217,296,378,453,510,608,751,75105,Paris 5e Arrondissement
vp,Véhicule particulier,Essence HNR,Crit'Air 2,10,10,10,10,10,10,13,11,9,75105,Paris 5e Arrondissement
vp,Véhicule particulier,Gaz et inconnu,Crit'Air 1,37,38,35,37,37,33,32,37,45,75105,Paris 5e Arrondissement
vp,Véhicule particulier,Gaz et inconnu,Non classé,15,12,9,8,6,3,4,4,3,75105,Paris 5e Arrondissement
vp,Véhicule particulier,Diesel,Crit'Air 1,1,0,0,0,0,0,0,0,0,75106,Paris 6e Arrondissement
vp,Véhicule particulier,Diesel,Crit'Air 2,1801,2098,2271,2407,2477,2546,2831,2785,2411,75106,Paris 6e Arrondissement
vp,Véhicule particulier,Diesel,Crit'Air 3,1587,1455,1350,1277,1185,1105,1009,896,793,75106,Paris 6e Arrondissement
vp,Véhicule particulier,Diesel,Crit'Air 4,762,709,633,570,528,471,390,327,291,75106,Paris 6e Arrondissement
vp,Véhicule particulier,Diesel,Crit'Air 5,237,221,191,170,137,109,90,69,55,75106,Paris 6e Arrondissement
vp,Véhicule particulier,Diesel,Non classé,229,208,173,134,111,93,59,44,42,75106,Paris 6e Arrondissement
vp,Véhicule particulier,Diesel HNR,Crit'Air 2,9,20,31,33,31,24,31,31,36,75106,Paris 6e Arrondissement
vp,Véhicule particulier,Hybride rechargeable,Crit'Air 1,40,44,51,67,100,123,170,259,426,75106,Paris 6e Arrondissement
vp,Véhicule particulier,Electrique et hydrogène,Crit'Air E,5,8,22,38,60,77,121,178,270,75106,Paris 6e Arrondissement
vp,Véhicule particulier,Essence,Crit'Air 1,1491,1745,2045,2356,2803,3224,3659,4024,4244,75106,Paris 6e Arrondissement
vp,Véhicule particulier,Essence,Crit'Air 2,2171,2053,1904,1762,1650,1530,1433,1327,1208,75106,Paris 6e Arrondissement
vp,Véhicule particulier,Essence,Crit'Air 3,2591,2413,2230,2062,1811,1689,1520,1359,1200,75106,Paris 6e Arrondissement
vp,Véhicule particulier,Essence,Non classé,1616,1468,1321,1178,1026,879,764,670,607,75106,Paris 6e Arrondissement
vp,Véhicule particulier,Essence HNR,Crit'Air 1,42,67,98,125,168,209,255,337,509,75106,Paris 6e Arrondissement
vp,Véhicule particulier,Essence HNR,Crit'Air 2,12,9,14,13,13,17,15,11,9,75106,Paris 6e Arrondissement
vp,Véhicule particulier,Gaz et inconnu,Crit'Air 1,27,29,31,30,26,29,24,29,34,75106,Paris 6e Arrondissement
vp,Véhicule particulier,Gaz et inconnu,Crit'Air 3,0,0,0,0,0,0,0,0,0,75106,Paris 6e Arrondissement
vp,Véhicule particulier,Gaz et inconnu,Non classé,10,7,6,4,4,5,3,2,2,75106,Paris 6e Arrondissement
vp,Véhicule particulier,Diesel,Crit'Air 1,0,0,0,0,0,0,0,0,0,75107,Paris 7e Arrondissement
vp,Véhicule particulier,Diesel,Crit'Air 2,4769,5514,5408,5096,5023,4975,4814,4614,4120,75107,Paris 7e Arrondissement
vp,Véhicule particulier,Diesel,Crit'Air 3,3420,2951,2677,2442,2174,1926,1728,1542,1333,75107,Paris 7e Arrondissement
vp,Véhicule particulier,Diesel,Crit'Air 4,1388,1302,1190,1074,953,852,713,599,498,75107,Paris 7e Arrondissement
vp,Véhicule particulier,Diesel,Crit'Air 5,354,323,270,234,202,174,138,120,98,75107,Paris 7e Arrondissement
vp,Véhicule particulier,Diesel,Non classé,373,316,266,212,167,127,82,61,57,75107,Paris 7e Arrondissement
vp,Véhicule particulier,Diesel HNR,Crit'Air 2,61,91,126,123,110,98,88,98,113,75107,Paris 7e Arrondissement
vp,Véhicule particulier,Hybride rechargeable,Crit'Air 1,80,84,95,123,189,248,331,539,935,75107,Paris 7e Arrondissement
vp,Véhicule particulier,Electrique et hydrogène,Crit'Air E,16,34,71,128,185,248,355,489,653,75107,Paris 7e Arrondissement
vp,Véhicule particulier,Electrique et hydrogène,Non classé,0,0,0,0,0,0,0,0,0,75107,Paris 7e Arrondissement
vp,Véhicule particulier,Essence,Crit'Air 1,2926,3517,4123,4885,5623,6422,7304,7856,8143,75107,Paris 7e Arrondissement
vp,Véhicule particulier,Essence,Crit'Air 2,4015,3735,3406,3141,2859,2609,2371,2156,1956,75107,Paris 7e Arrondissement
vp,Véhicule particulier,Essence,Crit'Air 3,4135,3869,3576,3179,2851,2557,2301,2084,1846,75107,Paris 7e Arrondissement
vp,Véhicule particulier,Essence,Non classé,2327,2096,1882,1668,1481,1290,1131,1019,884,75107,Paris 7e Arrondissement
vp,Véhicule particulier,Essence HNR,Crit'Air 1,76,150,242,306,405,440,501,610,776,75107,Paris 7e Arrondissement
vp,Véhicule particulier,Essence HNR,Crit'Air 2,58,58,46,30,21,15,13,10,9,75107,Paris 7e Arrondissement
vp,Véhicule particulier,Essence HNR,Crit'Air 3,1,1,1,1,1,1,1,0,0,75107,Paris 7e Arrondissement
vp,Véhicule particulier,Gaz et inconnu,Crit'Air 1,106,105,105,100,91,89,85,85,89,75107,Paris 7e Arrondissement
vp,Véhicule particulier,Gaz et inconnu,Crit'Air 3,3,2,2,0,0,0,0,0,0,75107,Paris 7e Arrondissement
vp,Véhicule particulier,Gaz et inconnu,Non classé,9,10,8,8,7,5,5,5,3,75107,Paris 7e Arrondissement
vp,Véhicule particulier,Gaz et inconnu,Inconnu,0,0,1,1,1,1,0,0,0,75107,Paris 7e Arrondissement
vp,Véhicule particulier,Diesel,Crit'Air 1,0,0,0,0,0,0,0,1,0,75108,Paris 8e Arrondissement
vp,Véhicule particulier,Diesel,Crit'Air 2,15936,17513,18426,18902,19273,18787,17626,15794,12887,75108,Paris 8e Arrondissement
vp,Véhicule particulier,Diesel,Crit'Air 3,4855,3489,2833,2397,2192,1926,1639,1419,1213,75108,Paris 8e Arrondissement
vp,Véhicule particulier,Diesel,Crit'Air 4,1141,1047,941,833,765,668,546,503,403,75108,Paris 8e Arrondissement
vp,Véhicule particulier,Diesel,Crit'Air 5,301,276,256,212,193,165,130,104,74,75108,Paris 8e Arrondissement
vp,Véhicule particulier,Diesel,Non classé,359,302,240,209,151,114,83,65,64,75108,Paris 8e Arrondissement
vp,Véhicule particulier,Diesel HNR,Crit'Air 2,175,253,409,434,381,285,293,366,553,75108,Paris 8e Arrondissement
vp,Véhicule particulier,Hybride rechargeable,Crit'Air 1,213,207,239,399,628,926,1269,2165,3725,75108,Paris 8e Arrondissement
vp,Véhicule particulier,Hybride rechargeable,Crit'Air 4,0,0,0,0,0,0,0,0,0,75108,Paris 8e Arrondissement
vp,Véhicule particulier,Electrique et hydrogène,Crit'Air E,93,261,259,346,710,1370,2086,2321,2496,75108,Paris 8e Arrondissement
vp,Véhicule particulier,Electrique et hydrogène,Non classé,1,1,1,1,1,1,0,0,0,75108,Paris 8e Arrondissement
vp,Véhicule particulier,Essence,Crit'Air 1,4588,5238,6329,7523,9050,10522,13058,14687,15352,75108,Paris 8e Arrondissement
vp,Véhicule particulier,Essence,Crit'Air 2,3984,3632,3219,2826,2577,2278,2001,1767,1556,75108,Paris 8e Arrondissement
vp,Véhicule particulier,Essence,Crit'Air 3,3412,3186,2795,2476,2205,2009,1767,1520,1344,75108,Paris 8e Arrondissement
vp,Véhicule particulier,Essence,Non classé,1706,1583,1445,1239,1065,959,851,739,682,75108,Paris 8e Arrondissement
vp,Véhicule particulier,Essence HNR,Crit'Air E,1,0,0,0,0,0,0,0,0,75108,Paris 8e Arrondissement
vp,Véhicule particulier,Essence HNR,Crit'Air 1,229,376,597,783,936,1153,1464,2305,3041,75108,Paris 8e Arrondissement
vp,Véhicule particulier,Essence HNR,Crit'Air 2,44,39,37,35,32,29,25,21,16,75108,Paris 8e Arrondissement
vp,Véhicule particulier,Gaz et inconnu,Crit'Air 1,66,63,68,64,57,63,57,55,64,75108,Paris 8e Arrondissement
vp,Véhicule particulier,Gaz et inconnu,Crit'Air 2,1,0,0,0,0,0,0,0,0,75108,Paris 8e Arrondissement
vp,Véhicule particulier,Gaz et inconnu,Crit'Air 3,1,1,1,0,0,0,0,0,0,75108,Paris 8e Arrondissement
vp,Véhicule particulier,Gaz et inconnu,Non classé,19,16,16,14,10,7,8,7,5,75108,Paris 8e Arrondissement
vp,Véhicule particulier,Gaz et inconnu,Inconnu,2,1,1,1,1,1,0,0,0,75108,Paris 8e Arrondissement
vp,Véhicule particulier,Diesel,Crit'Air 2,7751,8568,8941,8947,9252,8904,8615,7994,6540,75109,Paris 9e Arrondissement
vp,Véhicule particulier,Diesel,Crit'Air 3,3001,2272,1943,1768,1606,1461,1280,1137,1016,75109,Paris 9e Arrondissement
vp,Véhicule particulier,Diesel,Crit'Air 4,1183,1090,1013,940,812,711,590,519,440,75109,Paris 9e Arrondissement
vp,Véhicule particulier,Diesel,Crit'Air 5,374,343,315,272,226,200,167,133,115,75109,Paris 9e Arrondissement
vp,Véhicule particulier,Diesel,Non classé,449,366,288,229,177,127,85,74,61,75109,Paris 9e Arrondissement
vp,Véhicule particulier,Diesel HNR,Crit'Air 2,68,95,131,137,121,92,84,111,197,75109,Paris 9e Arrondissement
vp,Véhicule particulier,Hybride rechargeable,Crit'Air 1,61,47,59,98,154,244,299,586,1081,75109,Paris 9e Arrondissement
vp,Véhicule particulier,Electrique et hydrogène,Crit'Air E,4,7,30,48,99,144,199,276,823,75109,Paris 9e Arrondissement
vp,Véhicule particulier,Essence,Crit'Air 1,1506,1811,2154,2561,3261,3985,5057,5890,6610,75109,Paris 9e Arrondissement
vp,Véhicule particulier,Essence,Crit'Air 2,2005,1836,1728,1559,1434,1324,1236,1166,1074,75109,Paris 9e Arrondissement
vp,Véhicule particulier,Essence,Crit'Air 3,2693,2530,2299,2089,1854,1660,1476,1358,1179,75109,Paris 9e Arrondissement
vp,Véhicule particulier,Essence,Non classé,1632,1472,1296,1093,912,771,680,595,538,75109,Paris 9e Arrondissement
vp,Véhicule particulier,Essence HNR,Crit'Air 1,147,210,323,394,486,629,752,987,1314,75109,Paris 9e Arrondissement
vp,Véhicule particulier,Essence HNR,Crit'Air 2,21,15,13,17,13,12,11,10,9,75109,Paris 9e Arrondissement
vp,Véhicule particulier,Gaz et inconnu,Crit'Air 1,34,31,33,32,33,35,31,44,53,75109,Paris 9e Arrondissement
vp,Véhicule particulier,Gaz et inconnu,Non classé,12,10,9,8,7,5,5,4,3,75109,Paris 9e Arrondissement
vp,Véhicule particulier,Diesel,Crit'Air 2,3344,3943,4240,4426,4521,4311,4118,3919,3475,75110,Paris 10e Arrondissement
vp,Véhicule particulier,Diesel,Crit'Air 3,2890,2747,2581,2452,2308,2167,2004,1818,1666,75110,Paris 10e Arrondissement
vp,Véhicule particulier,Diesel,Crit'Air 4,1885,1821,1663,1574,1393,1204,935,800,697,75110,Paris 10e Arrondissement
vp,Véhicule particulier,Diesel,Crit'Air 5,617,598,524,435,361,288,215,168,129,75110,Paris 10e Arrondissement
vp,Véhicule particulier,Diesel,Non classé,740,616,505,399,296,234,167,138,126,75110,Paris 10e Arrondissement
vp,Véhicule particulier,Diesel HNR,Crit'Air 2,33,41,46,49,44,35,51,65,84,75110,Paris 10e Arrondissement
vp,Véhicule particulier,Hybride rechargeable,Crit'Air 1,51,42,48,52,72,93,122,221,424,75110,Paris 10e Arrondissement
vp,Véhicule particulier,Electrique et hydrogène,Crit'Air E,9,23,36,59,79,90,107,170,274,75110,Paris 10e Arrondissement
vp,Véhicule particulier,Essence,Crit'Air 1,1273,1550,1889,2407,2885,3604,4122,4611,4788,75110,Paris 10e Arrondissement
vp,Véhicule particulier,Essence,Crit'Air 2,1885,1859,1792,1728,1629,1524,1465,1429,1349,75110,Paris 10e Arrondissement
vp,Véhicule particulier,Essence,Crit'Air 3,3133,2997,2781,2542,2278,2046,1785,1614,1414,75110,Paris 10e Arrondissement
vp,Véhicule particulier,Essence,Non classé,2113,1817,1589,1342,1119,937,784,673,609,75110,Paris 10e Arrondissement
vp,Véhicule particulier,Essence HNR,Crit'Air 1,52,88,127,183,254,309,390,541,711,75110,Paris 10e Arrondissement
vp,Véhicule particulier,Essence HNR,Crit'Air 2,14,12,14,17,17,19,15,18,17,75110,Paris 10e Arrondissement
vp,Véhicule particulier,Gaz et inconnu,Crit'Air 1,69,74,69,66,64,70,63,58,72,75110,Paris 10e Arrondissement
vp,Véhicule particulier,Gaz et inconnu,Non classé,11,9,9,9,7,6,4,2,2,75110,Paris 10e Arrondissement
vp,Véhicule particulier,Diesel,Crit'Air 1,0,0,0,0,0,0,0,0,0,75111,Paris 11e Arrondissement
vp,Véhicule particulier,Diesel,Crit'Air 2,4342,4911,5229,5404,5384,5416,5236,5058,4682,75111,Paris 11e Arrondissement
vp,Véhicule particulier,Diesel,Crit'Air 3,4743,4461,4246,3950,3680,3350,2993,2771,2516,75111,Paris 11e Arrondissement
vp,Véhicule particulier,Diesel,Crit'Air 4,2903,2777,2618,2388,2064,1794,1422,1197,970,75111,Paris 11e Arrondissement
vp,Véhicule particulier,Diesel,Crit'Air 5,1046,959,855,713,572,455,334,277,227,75111,Paris 11e Arrondissement
vp,Véhicule particulier,Diesel,Non classé,1170,997,825,626,494,334,207,174,149,75111,Paris 11e Arrondissement
vp,Véhicule particulier,Diesel HNR,Crit'Air 2,49,61,79,80,80,67,69,81,82,75111,Paris 11e Arrondissement
vp,Véhicule particulier,Hybride rechargeable,Crit'Air 1,82,75,100,118,178,210,221,342,590,75111,Paris 11e Arrondissement
vp,Véhicule particulier,Hybride rechargeable,Crit'Air 2,1,1,1,1,1,1,0,0,0,75111,Paris 11e Arrondissement
vp,Véhicule particulier,Electrique et hydrogène,Crit'Air E,23,54,72,77,108,146,237,347,532,75111,Paris 11e Arrondissement
vp,Véhicule particulier,Electrique et hydrogène,Crit'Air 2,1,1,1,0,0,0,0,0,0,75111,Paris 11e Arrondissement
vp,Véhicule particulier,Electrique et hydrogène,Non classé,0,0,0,0,0,0,0,0,0,75111,Paris 11e Arrondissement
vp,Véhicule particulier,Essence,Crit'Air 1,2786,3383,3923,4684,5517,6542,7679,8444,8831,75111,Paris 11e Arrondissement
vp,Véhicule particulier,Essence,Crit'Air 2,4016,3878,3758,3590,3400,3154,2988,2879,2684,75111,Paris 11e Arrondissement
vp,Véhicule particulier,Essence,Crit'Air 3,6401,6067,5530,5010,4577,4103,3669,3295,2873,75111,Paris 11e Arrondissement
vp,Véhicule particulier,Essence,Non classé,3724,3310,2873,2349,1888,1547,1212,1058,962,75111,Paris 11e Arrondissement
vp,Véhicule particulier,Essence HNR,Crit'Air 1,105,196,315,459,613,729,917,1069,1344,75111,Paris 11e Arrondissement
vp,Véhicule particulier,Essence HNR,Crit'Air 2,14,14,17,18,16,16,18,18,15,75111,Paris 11e Arrondissement
vp,Véhicule particulier,Gaz et inconnu,Crit'Air 1,116,104,109,104,106,105,98,104,125,75111,Paris 11e Arrondissement
vp,Véhicule particulier,Gaz et inconnu,Crit'Air 2,0,0,0,0,0,0,0,0,0,75111,Paris 11e Arrondissement
vp,Véhicule particulier,Gaz et inconnu,Crit'Air 3,0,0,0,0,0,0,0,0,0,75111,Paris 11e Arrondissement
vp,Véhicule particulier,Gaz et inconnu,Non classé,17,16,16,11,8,8,7,4,6,75111,Paris 11e Arrondissement
vp,Véhicule particulier,Diesel,Crit'Air 2,6679,7827,8701,8844,8841,8570,8232,7705,6795,75112,Paris 12e Arrondissement
vp,Véhicule particulier,Diesel,Crit'Air 3,6240,5603,5183,4832,4405,4012,3676,3339,2991,75112,Paris 12e Arrondissement
vp,Véhicule particulier,Diesel,Crit'Air 4,3483,3319,3077,2824,2498,2163,1688,1400,1146,75112,Paris 12e Arrondissement
vp,Véhicule particulier,Diesel,Crit'Air 5,1120,1019,881,776,653,537,403,286,228,75112,Paris 12e Arrondissement
vp,Véhicule particulier,Diesel,Non classé,1204,990,816,652,475,348,205,159,140,75112,Paris 12e Arrondissement
vp,Véhicule particulier,Diesel HNR,Crit'Air 2,45,63,108,116,116,101,94,126,194,75112,Paris 12e Arrondissement
vp,Véhicule particulier,Hybride rechargeable,Crit'Air 1,94,85,92,109,154,192,240,436,837,75112,Paris 12e Arrondissement
vp,Véhicule particulier,Hybride rechargeable,Crit'Air 2,1,1,1,1,1,1,1,1,0,75112,Paris 12e Arrondissement
vp,Véhicule particulier,Electrique et hydrogène,Crit'Air E,15,33,75,114,169,210,367,590,821,75112,Paris 12e Arrondissement
vp,Véhicule particulier,Electrique et hydrogène,Non classé,0,0,0,0,0,0,0,0,0,75112,Paris 12e Arrondissement
vp,Véhicule particulier,Essence,Crit'Air 1,3070,3923,4872,6183,7411,8750,10363,11316,11905,75112,Paris 12e Arrondissement
vp,Véhicule particulier,Essence,Crit'Air 2,4659,4456,4198,4044,3833,3606,3377,3228,3016,75112,Paris 12e Arrondissement
vp,Véhicule particulier,Essence,Crit'Air 3,7312,6885,6326,5785,5226,4642,4141,3632,3155,75112,Paris 12e Arrondissement
vp,Véhicule particulier,Essence,Non classé,3882,3435,2919,2364,1874,1500,1197,987,868,75112,Paris 12e Arrondissement
vp,Véhicule particulier,Essence HNR,Crit'Air 1,153,233,332,460,643,818,1045,1308,1664,75112,Paris 12e Arrondissement
vp,Véhicule particulier,Essence HNR,Crit'Air 2,29,32,28,27,21,25,25,21,22,75112,Paris 12e Arrondissement
vp,Véhicule particulier,Gaz et inconnu,Crit'Air 1,147,128,118,113,120,116,107,122,145,75112,Paris 12e Arrondissement
vp,Véhicule particulier,Gaz et inconnu,Crit'Air 2,0,0,0,0,0,0,0,0,0,75112,Paris 12e Arrondissement
vp,Véhicule particulier,Gaz et inconnu,Crit'Air 3,2,0,0,0,0,0,0,0,0,75112,Paris 12e Arrondissement
vp,Véhicule particulier,Gaz et inconnu,Non classé,7,5,9,7,6,6,5,5,5,75112,Paris 12e Arrondissement
vp,Véhicule particulier,Gaz et inconnu,Inconnu,0,0,0,0,0,0,0,0,0,75112,Paris 12e Arrondissement
vp,Véhicule particulier,Diesel,Crit'Air 2,9505,10692,10977,10530,10344,10156,9822,9652,8937,75113,Paris 13e Arrondissement
vp,Véhicule particulier,Diesel,Crit'Air 3,8014,7470,7121,6733,6290,5905,5368,4939,4365,75113,Paris 13e Arrondissement
vp,Véhicule particulier,Diesel,Crit'Air 4,4424,4295,4040,3720,3355,2903,2313,1890,1541,75113,Paris 13e Arrondissement
vp,Véhicule particulier,Diesel,Crit'Air 5,1386,1265,1107,976,804,625,475,367,281,75113,Paris 13e Arrondissement
vp,Véhicule particulier,Diesel,Non classé,1692,1418,1193,942,662,456,274,203,163,75113,Paris 13e Arrondissement
vp,Véhicule particulier,Diesel HNR,Crit'Air 1,1,0,0,0,0,0,0,0,0,75113,Paris 13e Arrondissement
vp,Véhicule particulier,Diesel HNR,Crit'Air 2,54,80,134,133,109,84,68,91,104,75113,Paris 13e Arrondissement
vp,Véhicule particulier,Hybride rechargeable,Crit'Air 1,165,172,186,244,341,491,568,786,1289,75113,Paris 13e Arrondissement
vp,Véhicule particulier,Electrique et hydrogène,Crit'Air E,21,57,92,152,228,277,380,722,938,75113,Paris 13e Arrondissement
vp,Véhicule particulier,Essence,Crit'Air 1,3870,4825,6194,7990,9851,11711,14033,16283,17590,75113,Paris 13e Arrondissement
vp,Véhicule particulier,Essence,Crit'Air 2,6066,5884,5700,5528,5282,5015,4751,4491,4200,75113,Paris 13e Arrondissement
vp,Véhicule particulier,Essence,Crit'Air 3,9085,8541,7849,7238,6583,5916,5287,4596,3986,75113,Paris 13e Arrondissement
vp,Véhicule particulier,Essence,Non classé,5044,4433,3797,3074,2441,1966,1562,1243,1080,75113,Paris 13e Arrondissement
vp,Véhicule particulier,Essence HNR,Crit'Air 1,217,468,692,781,1067,1264,1514,1766,2289,75113,Paris 13e Arrondissement
vp,Véhicule particulier,Essence HNR,Crit'Air 2,33,35,35,43,51,50,47,47,40,75113,Paris 13e Arrondissement
vp,Véhicule particulier,Gaz et inconnu,Crit'Air 1,417,333,314,282,213,194,174,198,238,75113,Paris 13e Arrondissement
vp,Véhicule particulier,Gaz et inconnu,Crit'Air 2,0,0,0,0,0,0,0,0,0,75113,Paris 13e Arrondissement
vp,Véhicule particulier,Gaz et inconnu,Crit'Air 3,0,0,0,0,0,0,0,0,0,75113,Paris 13e Arrondissement
vp,Véhicule particulier,Gaz et inconnu,Non classé,10,8,13,13,13,11,11,10,10,75113,Paris 13e Arrondissement
vp,Véhicule particulier,Diesel,Crit'Air 2,7148,8161,8507,8010,7906,7733,7459,7918,7308,75114,Paris 14e Arrondissement
vp,Véhicule particulier,Diesel,Crit'Air 3,5330,4844,4460,4198,3957,3722,3451,3182,2878,75114,Paris 14e Arrondissement
vp,Véhicule particulier,Diesel,Crit'Air 4,3089,2932,2725,2558,2297,2020,1589,1339,1100,75114,Paris 14e Arrondissement
vp,Véhicule particulier,Diesel,Crit'Air 5,935,870,782,653,535,436,331,280,229,75114,Paris 14e Arrondissement
vp,Véhicule particulier,Diesel,Non classé,1003,868,702,546,427,279,170,140,114,75114,Paris 14e Arrondissement
vp,Véhicule particulier,Diesel HNR,Crit'Air 2,45,65,85,88,94,88,99,122,181,75114,Paris 14e Arrondissement
vp,Véhicule particulier,Hybride rechargeable,Crit'Air 1,94,67,74,108,149,171,194,346,688,75114,Paris 14e Arrondissement
vp,Véhicule particulier,Electrique et hydrogène,Crit'Air E,40,50,67,79,114,153,196,265,412,75114,Paris 14e Arrondissement
vp,Véhicule particulier,Essence,Crit'Air 1,2911,3629,4462,5430,6527,7652,8853,10122,10747,75114,Paris 14e Arrondissement
vp,Véhicule particulier,Essence,Crit'Air 2,4550,4330,4162,3998,3804,3604,3484,3326,3086,75114,Paris 14e Arrondissement
vp,Véhicule particulier,Essence,Crit'Air 3,7070,6681,6160,5640,5129,4650,4191,3738,3221,75114,Paris 14e Arrondissement
vp,Véhicule particulier,Essence,Non classé,4088,3564,3062,2513,2120,1761,1393,1227,1077,75114,Paris 14e Arrondissement
vp,Véhicule particulier,Essence HNR,Crit'Air 1,94,183,267,363,484,581,710,959,1404,75114,Paris 14e Arrondissement
vp,Véhicule particulier,Essence HNR,Crit'Air 2,19,18,17,21,20,18,17,20,18,75114,Paris 14e Arrondissement
vp,Véhicule particulier,Gaz et inconnu,Crit'Air 1,117,110,115,98,98,99,99,109,136,75114,Paris 14e Arrondissement
vp,Véhicule particulier,Gaz et inconnu,Crit'Air 2,2,1,1,0,0,0,0,0,0,75114,Paris 14e Arrondissement
vp,Véhicule particulier,Gaz et inconnu,Crit'Air 3,0,0,0,0,0,0,0,0,0,75114,Paris 14e Arrondissement
vp,Véhicule particulier,Gaz et inconnu,Non classé,18,16,12,12,11,12,11,8,10,75114,Paris 14e Arrondissement
vp,Véhicule particulier,Diesel,Crit'Air 2,12587,14504,16114,16950,17524,17940,16966,15662,13791,75115,Paris 15e Arrondissement
vp,Véhicule particulier,Diesel,Crit'Air 3,10813,9778,8974,8330,7596,6900,6166,5623,4983,75115,Paris 15e Arrondissement
vp,Véhicule particulier,Diesel,Crit'Air 4,4995,4683,4337,3968,3532,3037,2423,2004,1680,75115,Paris 15e Arrondissement
vp,Véhicule particulier,Diesel,Crit'Air 5,1429,1302,1146,971,748,597,459,367,315,75115,Paris 15e Arrondissement
vp,Véhicule particulier,Diesel,Non classé,1539,1342,1124,882,660,472,307,250,216,75115,Paris 15e Arrondissement
vp,Véhicule particulier,Diesel HNR,Crit'Air 2,153,239,342,346,288,212,203,227,275,75115,Paris 15e Arrondissement
vp,Véhicule particulier,Hybride rechargeable,Crit'Air 1,180,157,183,233,308,372,478,839,1801,75115,Paris 15e Arrondissement
vp,Véhicule particulier,Hybride rechargeable,Non classé,1,1,0,0,0,0,0,0,0,75115,Paris 15e Arrondissement
vp,Véhicule particulier,Electrique et hydrogène,Crit'Air E,43,86,145,204,299,349,487,759,1192,75115,Paris 15e Arrondissement
vp,Véhicule particulier,Essence,Crit'Air 1,6557,8034,9994,12294,14616,17458,21857,24254,25751,75115,Paris 15e Arrondissement
vp,Véhicule particulier,Essence,Crit'Air 2,9808,9299,8844,8272,7734,7119,6595,6228,5734,75115,Paris 15e Arrondissement
vp,Véhicule particulier,Essence,Crit'Air 3,13041,12198,11014,10095,9055,8091,7195,6288,5480,75115,Paris 15e Arrondissement
vp,Véhicule particulier,Essence,Non classé,6848,6002,5204,4340,3559,2921,2446,2058,1839,75115,Paris 15e Arrondissement
vp,Véhicule particulier,Essence HNR,Crit'Air 1,269,454,668,919,1245,1568,1936,2456,3117,75115,Paris 15e Arrondissement
vp,Véhicule particulier,Essence HNR,Crit'Air 2,54,45,46,39,37,38,33,30,26,75115,Paris 15e Arrondissement
vp,Véhicule particulier,Essence HNR,Crit'Air 3,0,0,0,0,0,0,0,1,1,75115,Paris 15e Arrondissement
vp,Véhicule particulier,Gaz et inconnu,Crit'Air 1,176,152,148,146,157,166,163,178,233,75115,Paris 15e Arrondissement
vp,Véhicule particulier,Gaz et inconnu,Crit'Air 2,0,0,0,1,1,1,0,0,0,75115,Paris 15e Arrondissement
vp,Véhicule particulier,Gaz et inconnu,Non classé,25,22,21,16,12,9,9,9,9,75115,Paris 15e Arrondissement
vp,Véhicule particulier,Diesel,Crit'Air 2,10628,12420,13026,14073,14108,13902,13131,12153,10862,75116,Paris 16e Arrondissement
vp,Véhicule particulier,Diesel,Crit'Air 3,7947,7272,6676,6095,5485,4965,4402,3930,3447,75116,Paris 16e Arrondissement
vp,Véhicule particulier,Diesel,Crit'Air 4,3625,3349,3042,2731,2421,2106,1699,1414,1181,75116,Paris 16e Arrondissement
vp,Véhicule particulier,Diesel,Crit'Air 5,907,828,738,642,532,431,374,294,245,75116,Paris 16e Arrondissement
vp,Véhicule particulier,Diesel,Non classé,956,821,698,583,482,354,225,174,156,75116,Paris 16e Arrondissement
vp,Véhicule particulier,Diesel HNR,Crit'Air 2,149,223,303,286,234,193,200,275,342,75116,Paris 16e Arrondissement
vp,Véhicule particulier,Hybride rechargeable,Crit'Air 1,206,190,232,328,573,741,920,1493,2499,75116,Paris 16e Arrondissement
vp,Véhicule particulier,Electrique et hydrogène,Crit'Air E,47,75,113,162,262,421,760,1212,1722,75116,Paris 16e Arrondissement
vp,Véhicule particulier,Electrique et hydrogène,Non classé,2,1,0,0,0,0,0,0,0,75116,Paris 16e Arrondissement
vp,Véhicule particulier,Essence,Crit'Air 1,10434,12031,14060,16601,18990,21304,25791,26169,26183,75116,Paris 16e Arrondissement
vp,Véhicule particulier,Essence,Crit'Air 2,13245,12228,11254,10263,9230,8264,7604,6996,6314,75116,Paris 16e Arrondissement
vp,Véhicule particulier,Essence,Crit'Air 3,12498,11533,10390,9396,8337,7484,6576,5816,5117,75116,Paris 16e Arrondissement
vp,Véhicule particulier,Essence,Non classé,6249,5687,5039,4305,3712,3270,2880,2463,2243,75116,Paris 16e Arrondissement
vp,Véhicule particulier,Essence HNR,Crit'Air 1,252,416,642,762,982,1218,1573,1973,2650,75116,Paris 16e Arrondissement
vp,Véhicule particulier,Essence HNR,Crit'Air 2,54,55,48,37,33,25,23,28,27,75116,Paris 16e Arrondissement
vp,Véhicule particulier,Gaz et inconnu,Crit'Air 1,98,86,85,84,81,91,82,82,117,75116,Paris 16e Arrondissement
vp,Véhicule particulier,Gaz et inconnu,Crit'Air 3,0,0,0,0,0,0,0,0,0,75116,Paris 16e Arrondissement
vp,Véhicule particulier,Gaz et inconnu,Non classé,24,24,18,15,17,16,14,15,14,75116,Paris 16e Arrondissement
vp,Véhicule particulier,Gaz et inconnu,Inconnu,1,1,1,1,0,0,0,0,0,75116,Paris 16e Arrondissement
vp,Véhicule particulier,Diesel,Crit'Air 2,10112,10928,12038,14408,15115,15260,14632,13175,11310,75117,Paris 17e Arrondissement
vp,Véhicule particulier,Diesel,Crit'Air 3,6860,6203,5779,5440,4993,4613,4187,3864,3408,75117,Paris 17e Arrondissement
vp,Véhicule particulier,Diesel,Crit'Air 4,3763,3539,3274,2988,2662,2340,1935,1614,1333,75117,Paris 17e Arrondissement
vp,Véhicule particulier,Diesel,Crit'Air 5,1086,1034,917,764,630,515,402,321,275,75117,Paris 17e Arrondissement
vp,Véhicule particulier,Diesel,Non classé,1182,1005,825,637,487,343,242,181,151,75117,Paris 17e Arrondissement
vp,Véhicule particulier,Diesel HNR,Crit'Air 2,97,114,151,138,139,133,145,211,221,75117,Paris 17e Arrondissement
vp,Véhicule particulier,Hybride rechargeable,Crit'Air 1,126,121,142,200,323,426,573,1001,1669,75117,Paris 17e Arrondissement
vp,Véhicule particulier,Electrique et hydrogène,Crit'Air E,62,79,115,167,257,343,482,742,1066,75117,Paris 17e Arrondissement
vp,Véhicule particulier,Electrique et hydrogène,Non classé,1,0,0,0,0,0,0,0,0,75117,Paris 17e Arrondissement
vp,Véhicule particulier,Essence,Crit'Air E,0,0,0,0,0,0,0,0,0,75117,Paris 17e Arrondissement
vp,Véhicule particulier,Essence,Crit'Air 1,5216,6162,7509,8844,10382,12169,14121,15276,15961,75117,Paris 17e Arrondissement
vp,Véhicule particulier,Essence,Crit'Air 2,7359,7023,6534,6110,5602,5176,4732,4405,4024,75117,Paris 17e Arrondissement
vp,Véhicule particulier,Essence,Crit'Air 3,8471,7828,7124,6495,5813,5193,4665,4134,3573,75117,Paris 17e Arrondissement
vp,Véhicule particulier,Essence,Non classé,4655,4111,3626,3086,2603,2203,1832,1606,1433,75117,Paris 17e Arrondissement
vp,Véhicule particulier,Essence HNR,Crit'Air 1,221,337,434,625,824,1055,1341,1697,2350,75117,Paris 17e Arrondissement
vp,Véhicule particulier,Essence HNR,Crit'Air 2,34,33,33,32,36,33,29,26,28,75117,Paris 17e Arrondissement
vp,Véhicule particulier,Essence HNR,Crit'Air 3,1,1,1,0,0,0,0,0,0,75117,Paris 17e Arrondissement
vp,Véhicule particulier,Gaz et inconnu,Crit'Air 1,155,126,120,116,117,106,96,113,120,75117,Paris 17e Arrondissement
vp,Véhicule particulier,Gaz et inconnu,Crit'Air 3,0,0,0,0,0,0,0,0,0,75117,Paris 17e Arrondissement
vp,Véhicule particulier,Gaz et inconnu,Non classé,17,20,16,14,15,11,5,6,6,75117,Paris 17e Arrondissement
vp,Véhicule particulier,Gaz et inconnu,Inconnu,0,0,0,0,0,0,1,1,1,75117,Paris 17e Arrondissement
vp,Véhicule particulier,Diesel,Crit'Air 2,3693,4278,4712,5132,5578,5814,5915,5947,5586,75118,Paris 18e Arrondissement
vp,Véhicule particulier,Diesel,Crit'Air 3,5276,5120,4996,4894,4652,4517,4278,4080,3738,75118,Paris 18e Arrondissement
vp,Véhicule particulier,Diesel,Crit'Air 4,3996,3987,3784,3528,3235,2886,2338,1960,1602,75118,Paris 18e Arrondissement
vp,Véhicule particulier,Diesel,Crit'Air 5,1533,1463,1307,1100,897,730,551,410,332,75118,Paris 18e Arrondissement
vp,Véhicule particulier,Diesel,Non classé,1715,1442,1153,883,642,435,274,210,201,75118,Paris 18e Arrondissement
vp,Véhicule particulier,Diesel HNR,Crit'Air 2,17,33,54,60,62,66,73,82,91,75118,Paris 18e Arrondissement
vp,Véhicule particulier,Hybride rechargeable,Crit'Air 1,53,53,55,73,93,112,144,232,395,75118,Paris 18e Arrondissement
vp,Véhicule particulier,Electrique et hydrogène,Crit'Air E,6,9,20,28,50,71,153,217,384,75118,Paris 18e Arrondissement
vp,Véhicule particulier,Electrique et hydrogène,Non classé,0,0,1,1,1,1,1,1,1,75118,Paris 18e Arrondissement
vp,Véhicule particulier,Essence,Crit'Air 1,2271,2798,3449,4199,5024,5922,6772,8050,8602,75118,Paris 18e Arrondissement
vp,Véhicule particulier,Essence,Crit'Air 2,3712,3662,3633,3469,3366,3215,3074,3034,2863,75118,Paris 18e Arrondissement
vp,Véhicule particulier,Essence,Crit'Air 3,6774,6505,6058,5524,5015,4435,3970,3615,3174,75118,Paris 18e Arrondissement
vp,Véhicule particulier,Essence,Non classé,4449,3867,3306,2668,2156,1772,1464,1217,1097,75118,Paris 18e Arrondissement
vp,Véhicule particulier,Essence HNR,Crit'Air 1,93,149,243,298,402,505,627,846,1204,75118,Paris 18e Arrondissement
vp,Véhicule particulier,Essence HNR,Crit'Air 2,11,11,12,11,9,13,13,11,15,75118,Paris 18e Arrondissement
vp,Véhicule particulier,Gaz et inconnu,Crit'Air 1,159,147,141,141,139,123,126,141,160,75118,Paris 18e Arrondissement
vp,Véhicule particulier,Gaz et inconnu,Crit'Air 2,0,0,0,0,0,0,0,0,0,75118,Paris 18e Arrondissement
vp,Véhicule particulier,Gaz et inconnu,Non classé,26,19,13,11,8,9,9,7,7,75118,Paris 18e Arrondissement
vp,Véhicule particulier,Gaz et inconnu,Inconnu,0,0,0,0,0,1,1,1,1,75118,Paris 18e Arrondissement
vp,Véhicule particulier,Diesel,Crit'Air 2,5813,6974,7781,8479,9447,9818,9333,8760,7954,75119,Paris 19e Arrondissement
vp,Véhicule particulier,Diesel,Crit'Air 3,6444,6320,6171,5945,5744,5400,5154,4912,4466,75119,Paris 19e Arrondissement
vp,Véhicule particulier,Diesel,Crit'Air 4,4682,4654,4417,4241,3853,3383,2733,2229,1798,75119,Paris 19e Arrondissement
vp,Véhicule particulier,Diesel,Crit'Air 5,1713,1606,1381,1207,1011,805,576,423,343,75119,Paris 19e Arrondissement
vp,Véhicule particulier,Diesel,Non classé,1909,1613,1284,998,709,493,268,200,155,75119,Paris 19e Arrondissement
vp,Véhicule particulier,Diesel HNR,Crit'Air 2,24,47,86,103,98,116,108,114,126,75119,Paris 19e Arrondissement
vp,Véhicule particulier,Hybride rechargeable,Crit'Air 1,90,90,87,105,126,152,184,290,467,75119,Paris 19e Arrondissement
vp,Véhicule particulier,Hybride rechargeable,Non classé,0,0,0,0,0,0,0,0,0,75119,Paris 19e Arrondissement
vp,Véhicule particulier,Electrique et hydrogène,Crit'Air E,8,12,22,41,57,88,132,204,328,75119,Paris 19e Arrondissement
vp,Véhicule particulier,Essence,Crit'Air 1,2705,3222,3907,4954,5940,6850,8099,9502,10221,75119,Paris 19e Arrondissement
vp,Véhicule particulier,Essence,Crit'Air 2,4327,4307,4168,4072,3909,3728,3689,3612,3389,75119,Paris 19e Arrondissement
vp,Véhicule particulier,Essence,Crit'Air 3,7427,6988,6543,6034,5550,4995,4396,3921,3367,75119,Paris 19e Arrondissement
vp,Véhicule particulier,Essence,Non classé,4211,3620,3107,2450,1922,1513,1206,982,906,75119,Paris 19e Arrondissement
vp,Véhicule particulier,Essence HNR,Crit'Air 1,133,220,336,456,602,917,1089,1411,1712,75119,Paris 19e Arrondissement
vp,Véhicule particulier,Essence HNR,Crit'Air 2,19,20,19,23,22,20,20,21,22,75119,Paris 19e Arrondissement
vp,Véhicule particulier,Gaz et inconnu,Crit'Air 1,168,156,150,145,138,137,136,166,189,75119,Paris 19e Arrondissement
vp,Véhicule particulier,Gaz et inconnu,Crit'Air 3,1,0,0,0,0,0,0,0,0,75119,Paris 19e Arrondissement
vp,Véhicule particulier,Gaz et inconnu,Non classé,20,14,12,11,11,10,8,10,10,75119,Paris 19e Arrondissement
vp,Véhicule particulier,Gaz et inconnu,Inconnu,1,1,1,0,0,0,1,1,0,75119,Paris 19e Arrondissement
vp,Véhicule particulier,Diesel,Crit'Air 2,4041,4700,5354,6199,6439,6639,6754,6848,6592,75120,Paris 20e Arrondissement
vp,Véhicule particulier,Diesel,Crit'Air 3,6351,6249,6189,6166,5959,5694,5361,5027,4536,75120,Paris 20e Arrondissement
vp,Véhicule particulier,Diesel,Crit'Air 4,4745,4672,4490,4280,3866,3313,2627,2102,1724,75120,Paris 20e Arrondissement
vp,Véhicule particulier,Diesel,Crit'Air 5,1770,1646,1483,1296,1032,788,570,414,341,75120,Paris 20e Arrondissement
vp,Véhicule particulier,Diesel,Non classé,1946,1650,1341,1055,762,522,323,243,210,75120,Paris 20e Arrondissement
vp,Véhicule particulier,Diesel HNR,Crit'Air 2,47,58,130,136,118,123,119,127,141,75120,Paris 20e Arrondissement
vp,Véhicule particulier,Hybride rechargeable,Crit'Air 1,81,82,83,82,111,123,146,231,381,75120,Paris 20e Arrondissement
vp,Véhicule particulier,Electrique et hydrogène,Crit'Air E,8,10,17,34,45,65,90,213,330,75120,Paris 20e Arrondissement
vp,Véhicule particulier,Electrique et hydrogène,Non classé,1,1,1,0,0,0,0,0,0,75120,Paris 20e Arrondissement
vp,Véhicule particulier,Essence,Crit'Air 1,2742,3437,4199,5172,6266,7362,8582,9745,10390,75120,Paris 20e Arrondissement
vp,Véhicule particulier,Essence,Crit'Air 2,4536,4470,4403,4264,4139,4003,3906,3903,3709,75120,Paris 20e Arrondissement
vp,Véhicule particulier,Essence,Crit'Air 3,8413,8031,7530,6954,6271,5595,4973,4415,3854,75120,Paris 20e Arrondissement
vp,Véhicule particulier,Essence,Non classé,4923,4237,3573,2845,2265,1821,1467,1244,1102,75120,Paris 20e Arrondissement
vp,Véhicule particulier,Essence HNR,Crit'Air 1,112,205,315,431,563,730,869,1291,1569,75120,Paris 20e Arrondissement
vp,Véhicule particulier,Essence HNR,Crit'Air 2,22,28,28,20,25,25,23,22,22,75120,Paris 20e Arrondissement
vp,Véhicule particulier,Gaz et inconnu,Crit'Air 1,193,182,199,203,194,189,184,192,233,75120,Paris 20e Arrondissement
vp,Véhicule particulier,Gaz et inconnu,Crit'Air 2,0,0,0,1,1,0,0,0,0,75120,Paris 20e Arrondissement
vp,Véhicule particulier,Gaz et inconnu,Crit'Air 3,0,0,1,0,0,0,0,0,0,75120,Paris 20e Arrondissement
vp,Véhicule particulier,Gaz et inconnu,Non classé,22,19,18,15,13,9,6,5,1,75120,Paris 20e Arrondissement
